{
  "PR_AUC": 0.5175659187268611,
  "F1_at_P80": 0.5333333333333333,
  "n_samples": 3862,
  "n_positives": 62,
  "n_negatives": 3800
}