{
  "PR_AUC": 0.14235069744921497,
  "F1_at_P80": 0.27586206896551724,
  "n_samples": 3656,
  "n_positives": 71,
  "n_negatives": 3585
}