{
  "PR_AUC": 0.13390738170653094,
  "F1_at_P80": 0.13333333333333333,
  "n_samples": 3880,
  "n_positives": 84,
  "n_negatives": 3796
}