{
  "PR_AUC": 0.119098589109572,
  "F1_at_P80": 0.3157894736842105,
  "n_samples": 3451,
  "n_positives": 19,
  "n_negatives": 3432
}