{
  "PR_AUC": 0.3895039676848824,
  "F1_at_P80": 0.4444444444444444,
  "n_samples": 3386,
  "n_positives": 19,
  "n_negatives": 3367
}