{
  "PR_AUC": 0.025758343001575527,
  "F1_at_P80": 0.056074766355140186,
  "n_samples": 3724,
  "n_positives": 14,
  "n_negatives": 3710
}