{
  "PR_AUC": 0.14915416510768545,
  "F1_at_P80": 0.2222222222222222,
  "n_samples": 3733,
  "n_positives": 24,
  "n_negatives": 3709
}